Name,Last Name,Number,Email, ID Code,Password,num of login,Profile Image Address
mhmd,sam,9999999999,a@f.com,5764108784Abcd1380,0,0,C:\Users\hp\Desktop\download.png
ali,samii,9999999999,a@d.com,5764108784Abcd1380,0,0,
ali,samii,9999999999,a@d.com,5764108784Abcd1380,0,0,
ali,samii,9999999999,a@d.com,5764108784Abcd1380,0,0,
ali,samii,9999999999,a@d.com,5764108784Abcd1380,0,0,
ali,samii,9999999999,a@d.com,5764108784Abcd1380,0,0,
ali,samii,9999999999,a@d.com,5764108784Abcd1380,0,0,
ali,samii,9999999999,a@d.com,5764108784Abcd1380,0,0,
ali,samii,9999999999,a@d.com,5764108784Abcd1380,0,0,
ali,samii,9999999999,a@d.com,5764108784Abcd1380,0,0,
ali,samii,9999999999,a@d.com,5764108784Abcd1380,0,0,
ali,samii,9999999999,a@d.com,5764108784Abcd1380,0,0,
ali,samii,9999999999,a@d.com,5764108784Abcd1380,0,0,
ali,samii,9999999999,a@d.com,5764108784Abcd1380,0,0,
ali,samii,9999999999,a@d.com,5764108784Abcd1380,0,0,
ali,samii,9999999999,a@d.com,5764108784Abcd1380,0,0,
ali,samii,9999999999,a@d.com,5764108784Abcd1380,0,0,
ali,samii,9999999999,a@d.com,5764108784Abcd1380,0,0,
reza,samii,9999999999,a@d.com,5764108784Abcd1380,0,0,
mhmd,sam,9999999999,a@f.com,5764108784Abcd1380,0,1,C:\Users\hp\Desktop\download.png
11,11,09999999999,11@dsfa.com,6190108784,Calculator1380,1,
